{
	"block.encased_machine.open_1": {
		"sounds": [
			{
				"name": "item/axe/strip1",
				"pitch": 2,
				"volume": 0.6
			},
			{
				"name": "item/axe/strip2",
				"pitch": 2,
				"volume": 0.6
			},
			{
				"name": "item/axe/strip3",
				"pitch": 2,
				"volume": 0.6
			},
			{
				"name": "item/axe/strip4",
				"pitch": 2,
				"volume": 0.6
			},
			{
				"name": "item/axe/strip1",
				"pitch": 1.7,
				"volume": 0.6
			},
			{
				"name": "item/axe/strip2",
				"pitch": 1.7,
				"volume": 0.6
			},
			{
				"name": "item/axe/strip3",
				"pitch": 1.7,
				"volume": 0.6
			},
			{
				"name": "item/axe/strip4",
				"pitch": 1.7,
				"volume": 0.6
			}
		],
		"subtitle":"subtitles.carminite.block.encased_open"
	},
	"block.encased_machine.open_2": {
		"sounds": [
			{
				"name": "tile/piston/out",
				"pitch": 2,
				"volume": 0.3
			}
		],
		"subtitle":"subtitles.carminite.block.encased_open"
	},
	"block.encased_machine.close_1": {
		"sounds": [
			{
				"name": "item/axe/strip1",
				"pitch": 1.6,
				"volume": 0.6
			},
			{
				"name": "item/axe/strip2",
				"pitch": 1.6,
				"volume": 0.6
			},
			{
				"name": "item/axe/strip3",
				"pitch": 1.6,
				"volume": 0.6
			},
			{
				"name": "item/axe/strip4",
				"pitch": 1.6,
				"volume": 0.6
			},
			{
				"name": "item/axe/strip1",
				"pitch": 1.4,
				"volume": 0.6
			},
			{
				"name": "item/axe/strip2",
				"pitch": 1.4,
				"volume": 0.6
			},
			{
				"name": "item/axe/strip3",
				"pitch": 1.4,
				"volume": 0.6
			},
			{
				"name": "item/axe/strip4",
				"pitch": 1.4,
				"volume": 0.6
			}
		],
		"subtitle":"subtitles.carminite.block.encased_close"
	},
	"block.encased_machine.close_2": {
		"sounds": [
			{
				"name": "tile/piston/in",
				"pitch": 2,
				"volume": 0.3
			}
		],
		"subtitle":"subtitles.carminite.block.encased_close"
	},
	"block.encased_fire_jet.flame_1": {
		"sounds": [
			{
				"name": "random/fizz",
				"pitch": 0.5,
				"volume": 0.1
			}
		],
		"subtitle":"subtitles.carminite.block.firejet_flame"
	},
	"block.encased_fire_jet.flame_2": {
		"sounds": [
			{
				"name": "random/breath",
				"pitch": 0.6,
				"volume": 0.2
			}
		],
		"subtitle":"subtitles.carminite.block.firejet_flame"
	},
	"block.encased_smoker.smoke": {
		"sounds": [
			{
				"name": "random/fizz",
				"pitch": 0.5,
				"volume": 0.1
			}
		],
		"subtitle":"subtitles.carminite.block.smoker_smoke"
	},
	"block.ghast_trap.activate": {
		"sounds": [
			{
				"name": "block/beacon/activate",
				"pitch": 2,
				"volume": 0.1
			}
		],
		"subtitle":"subtitles.carminite.block.ghasttrap_activate"
	},
	"block.ghast_trap.deactivate": {
		"sounds": [
			{
				"name": "block/beacon/deactivate",
				"pitch": 2,
				"volume": 0.1
			}
		],
		"subtitle":"subtitles.carminite.block.ghasttrap_deactivate"
	},
	"block.ghast_trap.capture": {
		"sounds": [
			{
				"name": "random/successful_hit",
				"pitch": 1.5,
				"volume": 1
			}
		],
		"subtitle":"subtitles.carminite.block.ghasttrap_capture"
	},
	"block.ghast_trap.deplete": {
		"sounds": [
			{
				"name": "random/fizz",
				"pitch": 1.5,
				"volume": 1
			}
		],
		"subtitle":"subtitles.carminite.block.ghasttrap_deplete"
	},
	"block.reappearing_block.appear": {
		"sounds": [
			{
				"name": "random/pop",
				"pitch": 1.3,
				"volume": 1
			}
		],
		"subtitle":"subtitles.carminite.block.reappearing_appear"
	},
	"block.reappearing_block.vanish": {
		"sounds": [
			{
				"name": "random/pop",
				"pitch": 0.7,
				"volume": 1
			}
		],
		"subtitle":"subtitles.carminite.block.reappearing_vanish"
	},
	"block.carminite_built.vanish": {
		"sounds": [
			{
				"name": "random/pop",
				"pitch": 2,
				"volume": 1
			}
		],
		"subtitle":"subtitles.carminite.block.built_vanish"
	},
	"block.carminite_built.appear": {
		"sounds": [
			{
				"name": "random/pop",
				"pitch": 0.5,
				"volume": 1
			}
		],
		"subtitle":"subtitles.carminite.block.built_appear"
	},
	"block.carminite_builder.recharge": {
		"sounds": [
			{
				"name": "note/cow_bell",
				"pitch": 2,
				"volume": 1
			}
		],
		"subtitle":"subtitles.carminite.block.builder_recharge"
	},
	"block.item_craft_1": {
		"sounds": [
			{
				"name": "item/axe/strip1",
				"pitch": 2,
				"volume": 1
			},
			{
				"name": "item/axe/strip2",
				"pitch": 2,
				"volume": 1
			},
			{
				"name": "item/axe/strip3",
				"pitch": 2,
				"volume": 1
			},
			{
				"name": "item/axe/strip4",
				"pitch": 2,
				"volume": 1
			},
			{
				"name": "item/axe/strip1",
				"pitch": 1.7,
				"volume": 1
			},
			{
				"name": "item/axe/strip2",
				"pitch": 1.7,
				"volume": 1
			},
			{
				"name": "item/axe/strip3",
				"pitch": 1.7,
				"volume": 1
			},
			{
				"name": "item/axe/strip4",
				"pitch": 1.7,
				"volume": 1
			}
		],
		"subtitle":"subtitles.carminite.block.item_craft"
	},
	"block.item_craft_2": {
		"sounds": [
			{
				"name": "random/pop",
				"pitch": 0.5,
				"volume": 0.5
			}
		],
		"subtitle":"subtitles.carminite.block.item_craft"
	},
	"item.carminite_tool.teleport_1": {
		"sounds": [
			{
				"name": "mob/endermen/portal",
				"pitch": 2,
				"volume": 0.2
			},
			{
				"name": "mob/endermen/portal2",
				"pitch": 2,
				"volume": 0.2
			}
		],
		"subtitle":"subtitles.carminite.item.tool_teleport"
	},
	"item.carminite_tool.teleport_2": {
		"sounds": [
			{
				"name": "item/crossbow/loading_end",
				"pitch": 2,
				"volume": 1
			}
		],
		"subtitle":"subtitles.carminite.item.tool_teleport"
	},
	"effect.magnetism.teleport_1": {
		"sounds": [
			{
				"name": "mob/endermen/portal",
				"pitch": 2,
				"volume": 0.2
			},
			{
				"name": "mob/endermen/portal2",
				"pitch": 2,
				"volume": 0.2
			}
		],
		"subtitle":"subtitles.carminite.item.magnetism"
	},
	"effect.magnetism.teleport_2": {
		"sounds": [
			{
				"name": "item/crossbow/loading_end",
				"pitch": 2,
				"volume": 1
			}
		],
		"subtitle":"subtitles.carminite.item.magnetism"
	}
}