{
  "providers": [{
      "type": "bitmap",
      "file": "carminite:gui/icons/cyanides.png",
      "ascent": 8,
      "height": 10,
      "chars": [
        "c"
      ]
    },
    {
      "type": "bitmap",
      "file": "carminite:gui/icons/slim.png",
      "ascent": 8,
      "height": 10,
      "chars": [
        "s"
      ]
    },
    {
      "type": "bitmap",
      "file": "carminite:gui/icons/krokeiri.png",
      "ascent": 8,
      "height": 10,
      "chars": [
        "k"
      ]
    },
    {
      "type": "bitmap",
      "file": "carminite:gui/icons/lyric.png",
      "ascent": 8,
      "height": 10,
      "chars": [
        "l"
      ]
    }
  ]
}
