{
  "type": "minecraft:chest",
  "pools": [
    {
      "rolls": {
        "min": 4,
        "max": 8,
        "type": "minecraft:uniform"
      },
      "entries": [
        {
          "type": "minecraft:item",
          "weight": 40,
          "functions": [
            {
              "function": "minecraft:set_count",
              "count": {
                "min": 1,
                "max": 2,
                "type": "minecraft:uniform"
              }
            }
          ],
          "name": "minecraft:obsidian"
        },
        {
          "type": "minecraft:item",
          "weight": 40,
          "functions": [
            {
              "function": "minecraft:set_count",
              "count": {
                "min": 1,
                "max": 4,
                "type": "minecraft:uniform"
              }
            }
          ],
          "name": "minecraft:flint"
        },
        {
          "type": "minecraft:item",
          "weight": 40,
          "functions": [
            {
              "function": "minecraft:set_count",
              "count": {
                "min": 9,
                "max": 18,
                "type": "minecraft:uniform"
              }
            }
          ],
          "name": "minecraft:iron_nugget"
        },
        {
          "type": "minecraft:item",
          "weight": 40,
          "functions": [
            {
              "function": "minecraft:set_count",
              "count": {
                "min": 1,
                "max": 5,
                "type": "minecraft:uniform"
              }
            },
            {
              "function": "minecraft:set_nbt",
              "tag": "{display:{Name:'{\"translate\":\"item.carminite.carminite\",\"color\":\"#E30D34\",\"italic\":\"false\"}'},CustomModelData:550100,CustomItemId:\"carminite:carminite\"}"
            }
          ],
          "name": "minecraft:clock"
        },
        {
          "type": "minecraft:item",
          "weight": 40,
          "name": "minecraft:flint_and_steel"
        },
        {
          "type": "minecraft:item",
          "weight": 40,
          "name": "minecraft:fire_charge"
        },
        {
          "type": "minecraft:item",
          "weight": 15,
          "name": "minecraft:golden_apple"
        },
        {
          "type": "minecraft:item",
          "weight": 15,
          "functions": [
            {
              "function": "minecraft:set_nbt",
              "tag": "{display:{Name:'{\"translate\":\"item.carminite.carminite_apple\",\"color\":\"#E30D34\",\"italic\":\"false\"}'},CustomModelData:551800,CustomItemId:\"carminite:carminite_apple\"}"
            }
          ],
          "name": "minecraft:apple"
        },
        {
          "type": "minecraft:item",
          "weight": 15,
          "functions": [
            {
              "function": "minecraft:set_count",
              "count": {
                "min": 4,
                "max": 24,
                "type": "minecraft:uniform"
              }
            }
          ],
          "name": "minecraft:gold_nugget"
        },
        {
          "type": "minecraft:item",
          "weight": 15,
          "functions": [
            {
              "function": "minecraft:enchant_randomly"
            }
          ],
          "name": "minecraft:golden_sword"
        },
        {
          "type": "minecraft:item",
          "weight": 15,
          "functions": [
            {
              "function": "minecraft:enchant_randomly"
            }
          ],
          "name": "minecraft:golden_axe"
        },
        {
          "type": "minecraft:item",
          "weight": 15,
          "functions": [
            {
              "function": "minecraft:enchant_randomly"
            }
          ],
          "name": "minecraft:golden_hoe"
        },
        {
          "type": "minecraft:item",
          "weight": 15,
          "functions": [
            {
              "function": "minecraft:enchant_randomly"
            }
          ],
          "name": "minecraft:golden_shovel"
        },
        {
          "type": "minecraft:item",
          "weight": 15,
          "functions": [
            {
              "function": "minecraft:enchant_randomly"
            }
          ],
          "name": "minecraft:golden_pickaxe"
        },
        {
          "type": "minecraft:item",
          "weight": 15,
          "functions": [
            {
              "function": "minecraft:enchant_randomly"
            }
          ],
          "name": "minecraft:golden_boots"
        },
        {
          "type": "minecraft:item",
          "weight": 15,
          "functions": [
            {
              "function": "minecraft:enchant_randomly"
            }
          ],
          "name": "minecraft:golden_chestplate"
        },
        {
          "type": "minecraft:item",
          "weight": 15,
          "functions": [
            {
              "function": "minecraft:enchant_randomly"
            }
          ],
          "name": "minecraft:golden_helmet"
        },
        {
          "type": "minecraft:item",
          "weight": 15,
          "functions": [
            {
              "function": "minecraft:enchant_randomly"
            }
          ],
          "name": "minecraft:golden_leggings"
        },
        {
          "type": "minecraft:item",
          "weight": 15,
          "functions": [
            {
              "function": "minecraft:enchant_randomly"
            },
            {
              "function": "minecraft:set_nbt",
              "tag": "{display:{Name:'{\"translate\":\"item.carminite.carminite_sword\",\"color\":\"#E30D34\",\"italic\":false}',Lore:['{\"text\":\" \",\"italic\":false}','{\"translate\":\"item.modifiers.mainhand\",\"color\":\"gray\",\"italic\":false}','[{\"text\":\" 6 \",\"color\":\"dark_green\",\"italic\":false},{\"translate\":\"attribute.name.generic.attack_damage\",\"italic\":false}]','[{\"text\":\" 2 \",\"color\":\"dark_green\",\"italic\":false},{\"translate\":\"attribute.name.generic.attack_speed\",\"italic\":false}]']},HideFlags:2,CustomModelData:551300,CustomItemId:\"carminite:carminite_sword\",AttributeModifiers:[{AttributeName:\"generic.attack_damage\",Name:\"generic.attack_damage\",Amount:6,Operation:0,UUID:[I;669571424,-1986376965,-1584902185,828129862],Slot:\"mainhand\"},{AttributeName:\"generic.attack_speed\",Name:\"generic.attack_speed\",Amount:2,Operation:0,UUID:[I;-44691657,-2061153792,-1999792182,273943758],Slot:\"mainhand\"}]}"
            }
          ],
          "name": "minecraft:iron_sword"
        },
        {
          "type": "minecraft:item",
          "weight": 15,
          "functions": [
            {
              "function": "minecraft:enchant_randomly"
            },
            {
              "function": "minecraft:set_nbt",
              "tag": "{display:{Name:'{\"translate\":\"item.carminite.carminite_axe\",\"color\":\"#E30D34\",\"italic\":false}',Lore:['{\"text\":\" \",\"italic\":false}','{\"translate\":\"item.modifiers.mainhand\",\"color\":\"gray\",\"italic\":false}','[{\"text\":\" 9 \",\"color\":\"dark_green\",\"italic\":false},{\"translate\":\"attribute.name.generic.attack_damage\",\"italic\":false}]','[{\"text\":\" 1.1 \",\"color\":\"dark_green\",\"italic\":false},{\"translate\":\"attribute.name.generic.attack_speed\",\"italic\":false}]']},HideFlags:2,CustomModelData:551400,CustomItemId:\"carminite:carminite_axe\",AttributeModifiers:[{AttributeName:\"generic.attack_damage\",Name:\"generic.attack_damage\",Amount:9,Operation:0,UUID:[I;669571424,-1986376965,-1584902185,828129862],Slot:\"mainhand\"},{AttributeName:\"generic.attack_speed\",Name:\"generic.attack_speed\",Amount:1.1,Operation:0,UUID:[I;-44691657,-2061153792,-1999792182,273943758],Slot:\"mainhand\"}]}"
            }
          ],
          "name": "minecraft:iron_axe"
        },
        {
          "type": "minecraft:item",
          "weight": 15,
          "functions": [
            {
              "function": "minecraft:enchant_randomly"
            },
            {
              "function": "minecraft:set_nbt",
              "tag": "{display:{Name:'{\"translate\":\"item.carminite.carminite_hoe\",\"color\":\"#E30D34\",\"italic\":false}',Lore:['{\"text\":\" \",\"italic\":false}','{\"translate\":\"item.modifiers.mainhand\",\"color\":\"gray\",\"italic\":false}','[{\"text\":\" 1 \",\"color\":\"dark_green\",\"italic\":false},{\"translate\":\"attribute.name.generic.attack_damage\",\"italic\":false}]','[{\"text\":\" 3.8 \",\"color\":\"dark_green\",\"italic\":false},{\"translate\":\"attribute.name.generic.attack_speed\",\"italic\":false}]']},HideFlags:2,CustomModelData:551700,CustomItemId:\"carminite:carminite_hoe\",AttributeModifiers:[{AttributeName:\"generic.attack_damage\",Name:\"generic.attack_damage\",Amount:1,Operation:0,UUID:[I;669571424,-1986376965,-1584902185,828129862],Slot:\"mainhand\"},{AttributeName:\"generic.attack_speed\",Name:\"generic.attack_speed\",Amount:3.8,Operation:0,UUID:[I;-44691657,-2061153792,-1999792182,273943758],Slot:\"mainhand\"}]}"
            }
          ],
          "name": "minecraft:iron_hoe"
        },
        {
          "type": "minecraft:item",
          "weight": 15,
          "functions": [
            {
              "function": "minecraft:enchant_randomly"
            },
            {
              "function": "minecraft:set_nbt",
              "tag": "{display:{Name:'{\"translate\":\"item.carminite.carminite_shovel\",\"color\":\"#E30D34\",\"italic\":false}',Lore:['{\"text\":\" \",\"italic\":false}','{\"translate\":\"item.modifiers.mainhand\",\"color\":\"gray\",\"italic\":false}','[{\"text\":\" 4.5 \",\"color\":\"dark_green\",\"italic\":false},{\"translate\":\"attribute.name.generic.attack_damage\",\"italic\":false}]','[{\"text\":\" 1.3 \",\"color\":\"dark_green\",\"italic\":false},{\"translate\":\"attribute.name.generic.attack_speed\",\"italic\":false}]']},HideFlags:2,CustomModelData:551600,CustomItemId:\"carminite:carminite_shovel\",AttributeModifiers:[{AttributeName:\"generic.attack_damage\",Name:\"generic.attack_damage\",Amount:4.5,Operation:0,UUID:[I;669571424,-1986376965,-1584902185,828129862],Slot:\"mainhand\"},{AttributeName:\"generic.attack_speed\",Name:\"generic.attack_speed\",Amount:1.3,Operation:0,UUID:[I;-44691657,-2061153792,-1999792182,273943758],Slot:\"mainhand\"}]}"
            }
          ],
          "name": "minecraft:iron_shovel"
        },
        {
          "type": "minecraft:item",
          "weight": 15,
          "functions": [
            {
              "function": "minecraft:enchant_randomly"
            },
            {
              "function": "minecraft:set_nbt",
              "tag": "{display:{Name:'{\"translate\":\"item.carminite.carminite_pickaxe\",\"color\":\"#E30D34\",\"italic\":false}',Lore:['{\"text\":\" \",\"italic\":false}','{\"translate\":\"item.modifiers.mainhand\",\"color\":\"gray\",\"italic\":false}','[{\"text\":\" 4 \",\"color\":\"dark_green\",\"italic\":false},{\"translate\":\"attribute.name.generic.attack_damage\",\"italic\":false}]','[{\"text\":\" 1.5 \",\"color\":\"dark_green\",\"italic\":false},{\"translate\":\"attribute.name.generic.attack_speed\",\"italic\":false}]']},HideFlags:2,CustomModelData:551500,CustomItemId:\"carminite:carminite_pickaxe\",AttributeModifiers:[{AttributeName:\"generic.attack_damage\",Name:\"generic.attack_damage\",Amount:4,Operation:0,UUID:[I;669571424,-1986376965,-1584902185,828129862],Slot:\"mainhand\"},{AttributeName:\"generic.attack_speed\",Name:\"generic.attack_speed\",Amount:1.2,Operation:0,UUID:[I;-44691657,-2061153792,-1999792182,273943758],Slot:\"mainhand\"}]}"
            }
          ],
          "name": "minecraft:iron_pickaxe"
        },
        {
          "type": "minecraft:item",
          "weight": 5,
          "functions": [
            {
              "function": "minecraft:set_count",
              "count": {
                "min": 4,
                "max": 12,
                "type": "minecraft:uniform"
              }
            }
          ],
          "name": "minecraft:glistering_melon_slice"
        },
        {
          "type": "minecraft:item",
          "weight": 5,
          "name": "minecraft:golden_horse_armor"
        },
        {
          "type": "minecraft:item",
          "weight": 5,
          "name": "minecraft:light_weighted_pressure_plate"
        },
        {
          "type": "minecraft:item",
          "weight": 5,
          "functions": [
            {
              "function": "minecraft:set_count",
              "count": {
                "min": 4,
                "max": 12,
                "type": "minecraft:uniform"
              }
            }
          ],
          "name": "minecraft:golden_carrot"
        },
        {
          "type": "minecraft:item",
          "weight": 5,
          "name": "minecraft:clock"
        },
        {
          "type": "minecraft:item",
          "weight": 5,
          "functions": [
            {
              "function": "minecraft:set_count",
              "count": {
                "min": 2,
                "max": 8,
                "type": "minecraft:uniform"
              }
            }
          ],
          "name": "minecraft:gold_ingot"
        },
        {
          "type": "minecraft:item",
          "name": "minecraft:bell"
        },
        {
          "type": "minecraft:item",
          "name": "minecraft:enchanted_golden_apple"
        },
        {
          "type": "minecraft:item",
          "functions": [
            {
              "function": "minecraft:set_nbt",
              "tag": "{display:{Name:'{\"translate\":\"item.carminite.enchanted_carminite_apple\",\"color\":\"#E30D34\",\"italic\":\"false\"}'},Enchantments:[{}],CustomModelData:551800,CustomItemId:\"carminite:enchanted_carminite_apple\"}"
            }
          ],
          "name": "minecraft:apple"
        },
        {
          "type": "minecraft:item",
          "functions": [
            {
              "function": "minecraft:set_count",
              "count": {
                "min": 1,
                "max": 2,
                "type": "minecraft:uniform"
              }
            }
          ],
          "name": "minecraft:gold_block"
        },
        {
          "type": "minecraft:item",
          "functions": [
            {
              "function": "minecraft:set_count",
              "count": {
                "min": 1,
                "max": 2,
                "type": "minecraft:uniform"
              }
            },
            {
              "function": "minecraft:set_nbt",
              "tag": "{display:{Name:'{\"translate\":\"block.carminite.carminite_block\",\"color\":\"#E30D34\",\"italic\":\"false\"}'},CustomModelData:550200,CustomItemId:\"carminite:carminite_block\",BlockEntityTag:{Items:[{id:\"minecraft:barrier\",Count:1b,tag:{carminite:{placed_block:1b,type:\"carminite:carminite_block\"}}}]}}"
            }
          ],
          "name": "minecraft:dropper"
        }
      ]
    }
  ]
}