{
	"parent": "block/block",
	"textures": {
		"0": "carminite:block/reappearing_block/reappearing_block_trace_off",
		"particle": "carminite:block/reappearing_block/reappearing_block_trace_off"
	},
	"elements": [
		{
			"from": [5, 5, 5],
			"to": [11, 11, 11],
			"shade": false,
			"faces": {
				"north": {"uv": [5, 5, 11, 11], "texture": "#0"},
				"east": {"uv": [5, 5, 11, 11], "texture": "#0"},
				"south": {"uv": [5, 5, 11, 11], "texture": "#0"},
				"west": {"uv": [5, 5, 11, 11], "texture": "#0"},
				"up": {"uv": [5, 5, 11, 11], "texture": "#0"},
				"down": {"uv": [5, 5, 11, 11], "texture": "#0"}
			}
		}
	],
	"display": {
		"head": {
			"translation": [0, -14.65, 0],
			"scale": [2.29, 2.29, 2.29]
		}
	}
}
