{
  "parent": "minecraft:block/dispenser",
  "overrides": [{
    "predicate": {
      "custom_model_data": 550200
    },
    "model": "carminite:block/carminite_block"
  },
  {
    "predicate": {
      "custom_model_data": 550300
    },
    "model": "carminite:block/towerwood_planks"
  },
  {
    "predicate": {
      "custom_model_data": 550400
    },
    "model": "carminite:block/encased_towerwood"
  },
  {
    "predicate": {
      "custom_model_data": 550500
    },
    "model": "carminite:block/encased_smoker"
  },
  {
    "predicate": {
      "custom_model_data": 550501
    },
    "model": "carminite:block/encased_smoker_off_half"
  },
  {
    "predicate": {
      "custom_model_data": 550502
    },
    "model": "carminite:block/encased_smoker_off_open"
  },
  {
    "predicate": {
      "custom_model_data": 550510
    },
    "model": "carminite:block/encased_smoker_on_closed"
  },
  {
    "predicate": {
      "custom_model_data": 550511
    },
    "model": "carminite:block/encased_smoker_on_half"
  },
  {
    "predicate": {
      "custom_model_data": 550512
    },
    "model": "carminite:block/encased_smoker_on"
  },
  {
    "predicate": {
      "custom_model_data": 550600
    },
    "model": "carminite:block/encased_fire_jet"
  },
  {
    "predicate": {
      "custom_model_data": 550601
    },
    "model": "carminite:block/encased_fire_jet_off_half"
  },
  {
    "predicate": {
      "custom_model_data": 550602
    },
    "model": "carminite:block/encased_fire_jet_off_open"
  },
  {
    "predicate": {
      "custom_model_data": 550610
    },
    "model": "carminite:block/encased_fire_jet_on_closed"
  },
  {
    "predicate": {
      "custom_model_data": 550611
    },
    "model": "carminite:block/encased_fire_jet_on_half"
  },
  {
    "predicate": {
      "custom_model_data": 550612
    },
    "model": "carminite:block/encased_fire_jet_on"
  },
  {
    "predicate": {
      "custom_model_data": 550700
    },
    "model": "carminite:block/anti_builder"
  },
  {
    "predicate": {
      "custom_model_data": 550701
    },
    "model": "carminite:block/anti_built"
  },
  {
    "predicate": {
      "custom_model_data": 550800
    },
    "model": "carminite:block/carminite_builder_off"
  },
  {
    "predicate": {
      "custom_model_data": 550801
    },
    "model": "carminite:block/carminite_builder_on"
  },
  {
    "predicate": {
      "custom_model_data": 550802
    },
    "model": "carminite:block/carminite_builder_timeout"
  },
  {
    "predicate": {
      "custom_model_data": 550810
    },
    "model": "carminite:block/built_block_off"
  },
  {
    "predicate": {
      "custom_model_data": 550811
    },
    "model": "carminite:block/built_block_on"
  },
  {
    "predicate": {
      "custom_model_data": 550900
    },
    "model": "carminite:block/reappearing_block_off"
  },
  {
    "predicate": {
      "custom_model_data": 550901
    },
    "model": "carminite:block/reappearing_block_on"
  },
  {
    "predicate": {
      "custom_model_data": 550910
    },
    "model": "carminite:block/reappearing_block_trace_off"
  },
  {
    "predicate": {
      "custom_model_data": 550911
    },
    "model": "carminite:block/reappearing_block_trace_on"
  },
  {
    "predicate": {
      "custom_model_data": 551000
    },
    "model": "carminite:block/reappearing_controller_off"
  },
  {
    "predicate": {
      "custom_model_data": 551001
    },
    "model": "carminite:block/reappearing_controller_on"
  },
  {
    "predicate": {
      "custom_model_data": 551100
    },
    "model": "carminite:block/ghast_trap"
  },
  {
    "predicate": {
      "custom_model_data": 551101
    },
    "model": "carminite:block/ghast_trap_off_half"
  },
  {
    "predicate": {
      "custom_model_data": 551102
    },
    "model": "carminite:block/ghast_trap_off_open"
  },
  {
    "predicate": {
      "custom_model_data": 551110
    },
    "model": "carminite:block/ghast_trap_on"
  },
  {
    "predicate": {
      "custom_model_data": 551111
    },
    "model": "carminite:block/ghast_trap_on_half"
  },
  {
    "predicate": {
      "custom_model_data": 551112
    },
    "model": "carminite:block/ghast_trap_on_open"
  },
  {
    "predicate": {
      "custom_model_data": 551113
    },
    "model": "carminite:block/ghast_trap_activated"
  }]
}
